Level 1,Level 2,Level 3,Level 4
Beauty & Personal Care,Skin Care,Cleanser,Portable Cleanser
Beauty & Personal Care,Skin Care,Cleanser,Wireless Cleanser
Beauty & Personal Care,Skin Care,Cleanser,Smart Cleanser
Beauty & Personal Care,Skin Care,Cleanser,Eco Friendly Cleanser
Beauty & Personal Care,Skin Care,Cleanser,Organic Cleanser
Beauty & Personal Care,Skin Care,Serum,Premium Serum
Beauty & Personal Care,Skin Care,Serum,Budget Serum
Beauty & Personal Care,Skin Care,Serum,Professional Serum
Beauty & Personal Care,Skin Care,Serum,Advanced Serum
Beauty & Personal Care,Skin Care,Serum,Beginner Serum
Beauty & Personal Care,Skin Care,Serum,Portable Serum
Beauty & Personal Care,Skin Care,Serum,Wireless Serum
Beauty & Personal Care,Skin Care,Serum,Smart Serum
Beauty & Personal Care,Skin Care,Serum,Eco Friendly Serum
Beauty & Personal Care,Skin Care,Serum,Organic Serum
Beauty & Personal Care,Skin Care,Moisturizer,Premium Moisturizer
Beauty & Personal Care,Skin Care,Moisturizer,Budget Moisturizer
Beauty & Personal Care,Skin Care,Moisturizer,Professional Moisturizer
Beauty & Personal Care,Skin Care,Moisturizer,Advanced Moisturizer
Beauty & Personal Care,Skin Care,Moisturizer,Beginner Moisturizer
Beauty & Personal Care,Skin Care,Moisturizer,Portable Moisturizer
Beauty & Personal Care,Skin Care,Moisturizer,Wireless Moisturizer
Beauty & Personal Care,Skin Care,Moisturizer,Smart Moisturizer
Beauty & Personal Care,Skin Care,Moisturizer,Eco Friendly Moisturizer
Beauty & Personal Care,Skin Care,Moisturizer,Organic Moisturizer
Beauty & Personal Care,Skin Care,Sunscreen,Premium Sunscreen
Beauty & Personal Care,Skin Care,Sunscreen,Budget Sunscreen
Beauty & Personal Care,Skin Care,Sunscreen,Professional Sunscreen
Beauty & Personal Care,Skin Care,Sunscreen,Advanced Sunscreen
Beauty & Personal Care,Skin Care,Sunscreen,Beginner Sunscreen
Beauty & Personal Care,Skin Care,Sunscreen,Portable Sunscreen
Beauty & Personal Care,Skin Care,Sunscreen,Wireless Sunscreen
Beauty & Personal Care,Skin Care,Sunscreen,Smart Sunscreen
Beauty & Personal Care,Skin Care,Sunscreen,Eco Friendly Sunscreen
Beauty & Personal Care,Skin Care,Sunscreen,Organic Sunscreen
Beauty & Personal Care,Skin Care,Face Mask,Premium Face Mask
Beauty & Personal Care,Skin Care,Face Mask,Budget Face Mask
Beauty & Personal Care,Skin Care,Face Mask,Professional Face Mask
Beauty & Personal Care,Skin Care,Face Mask,Advanced Face Mask
Beauty & Personal Care,Skin Care,Face Mask,Beginner Face Mask
Beauty & Personal Care,Skin Care,Face Mask,Portable Face Mask
Beauty & Personal Care,Skin Care,Face Mask,Wireless Face Mask
Beauty & Personal Care,Skin Care,Face Mask,Smart Face Mask
Beauty & Personal Care,Skin Care,Face Mask,Eco Friendly Face Mask
Beauty & Personal Care,Skin Care,Face Mask,Organic Face Mask
Beauty & Personal Care,Skin Care,Eye Cream,Premium Eye Cream
Beauty & Personal Care,Skin Care,Eye Cream,Budget Eye Cream
Beauty & Personal Care,Skin Care,Eye Cream,Professional Eye Cream
Beauty & Personal Care,Skin Care,Eye Cream,Advanced Eye Cream
Beauty & Personal Care,Skin Care,Eye Cream,Beginner Eye Cream
Beauty & Personal Care,Skin Care,Eye Cream,Portable Eye Cream
Beauty & Personal Care,Skin Care,Eye Cream,Wireless Eye Cream
Beauty & Personal Care,Skin Care,Eye Cream,Smart Eye Cream
Beauty & Personal Care,Skin Care,Eye Cream,Eco Friendly Eye Cream
Beauty & Personal Care,Skin Care,Eye Cream,Organic Eye Cream
Beauty & Personal Care,Skin Care,Toner,Premium Toner
Beauty & Personal Care,Skin Care,Toner,Budget Toner
Beauty & Personal Care,Skin Care,Toner,Professional Toner
Beauty & Personal Care,Skin Care,Toner,Advanced Toner
Beauty & Personal Care,Skin Care,Toner,Beginner Toner
Beauty & Personal Care,Skin Care,Toner,Portable Toner
Beauty & Personal Care,Skin Care,Toner,Wireless Toner
Beauty & Personal Care,Skin Care,Toner,Smart Toner
Beauty & Personal Care,Skin Care,Toner,Eco Friendly Toner
Beauty & Personal Care,Skin Care,Toner,Organic Toner
Beauty & Personal Care,Hair Care,Shampoo,Premium Shampoo
Beauty & Personal Care,Hair Care,Shampoo,Budget Shampoo
Beauty & Personal Care,Hair Care,Shampoo,Professional Shampoo
Beauty & Personal Care,Hair Care,Shampoo,Advanced Shampoo
Beauty & Personal Care,Hair Care,Shampoo,Beginner Shampoo
Beauty & Personal Care,Hair Care,Shampoo,Portable Shampoo
Beauty & Personal Care,Hair Care,Shampoo,Wireless Shampoo
Beauty & Personal Care,Hair Care,Shampoo,Smart Shampoo
Beauty & Personal Care,Hair Care,Shampoo,Eco Friendly Shampoo
Beauty & Personal Care,Hair Care,Shampoo,Organic Shampoo
Beauty & Personal Care,Hair Care,Conditioner,Premium Conditioner
Beauty & Personal Care,Hair Care,Conditioner,Budget Conditioner
Beauty & Personal Care,Hair Care,Conditioner,Professional Conditioner
Beauty & Personal Care,Hair Care,Conditioner,Advanced Conditioner
Beauty & Personal Care,Hair Care,Conditioner,Beginner Conditioner
Beauty & Personal Care,Hair Care,Conditioner,Portable Conditioner
Beauty & Personal Care,Hair Care,Conditioner,Wireless Conditioner
Beauty & Personal Care,Hair Care,Conditioner,Smart Conditioner
Beauty & Personal Care,Hair Care,Conditioner,Eco Friendly Conditioner
Beauty & Personal Care,Hair Care,Conditioner,Organic Conditioner
Beauty & Personal Care,Hair Care,Hair Oil,Premium Hair Oil
Beauty & Personal Care,Hair Care,Hair Oil,Budget Hair Oil
Beauty & Personal Care,Hair Care,Hair Oil,Professional Hair Oil
Beauty & Personal Care,Hair Care,Hair Oil,Advanced Hair Oil
Beauty & Personal Care,Hair Care,Hair Oil,Beginner Hair Oil
Beauty & Personal Care,Hair Care,Hair Oil,Portable Hair Oil
Beauty & Personal Care,Hair Care,Hair Oil,Wireless Hair Oil
Beauty & Personal Care,Hair Care,Hair Oil,Smart Hair Oil
Beauty & Personal Care,Hair Care,Hair Oil,Eco Friendly Hair Oil
Beauty & Personal Care,Hair Care,Hair Oil,Organic Hair Oil
Beauty & Personal Care,Hair Care,Hair Serum,Premium Hair Serum
Beauty & Personal Care,Hair Care,Hair Serum,Budget Hair Serum
Beauty & Personal Care,Hair Care,Hair Serum,Professional Hair Serum
Beauty & Personal Care,Hair Care,Hair Serum,Advanced Hair Serum
Beauty & Personal Care,Hair Care,Hair Serum,Beginner Hair Serum
Beauty & Personal Care,Hair Care,Hair Serum,Portable Hair Serum
Beauty & Personal Care,Hair Care,Hair Serum,Wireless Hair Serum
Beauty & Personal Care,Hair Care,Hair Serum,Smart Hair Serum
Beauty & Personal Care,Hair Care,Hair Serum,Eco Friendly Hair Serum
Beauty & Personal Care,Hair Care,Hair Serum,Organic Hair Serum
Beauty & Personal Care,Hair Care,Hair Mask,Premium Hair Mask
Beauty & Personal Care,Hair Care,Hair Mask,Budget Hair Mask
Beauty & Personal Care,Hair Care,Hair Mask,Professional Hair Mask
Beauty & Personal Care,Hair Care,Hair Mask,Advanced Hair Mask
Beauty & Personal Care,Hair Care,Hair Mask,Beginner Hair Mask
Beauty & Personal Care,Hair Care,Hair Mask,Portable Hair Mask
Beauty & Personal Care,Hair Care,Hair Mask,Wireless Hair Mask
Beauty & Personal Care,Hair Care,Hair Mask,Smart Hair Mask
Beauty & Personal Care,Hair Care,Hair Mask,Eco Friendly Hair Mask
Beauty & Personal Care,Hair Care,Hair Mask,Organic Hair Mask
Beauty & Personal Care,Hair Care,Hair Spray,Premium Hair Spray
Beauty & Personal Care,Hair Care,Hair Spray,Budget Hair Spray
Beauty & Personal Care,Hair Care,Hair Spray,Professional Hair Spray
Beauty & Personal Care,Hair Care,Hair Spray,Advanced Hair Spray
Beauty & Personal Care,Hair Care,Hair Spray,Beginner Hair Spray
Beauty & Personal Care,Hair Care,Hair Spray,Portable Hair Spray
Beauty & Personal Care,Hair Care,Hair Spray,Wireless Hair Spray
Beauty & Personal Care,Hair Care,Hair Spray,Smart Hair Spray
Beauty & Personal Care,Hair Care,Hair Spray,Eco Friendly Hair Spray
Beauty & Personal Care,Hair Care,Hair Spray,Organic Hair Spray
Beauty & Personal Care,Makeup,Foundation,Premium Foundation
Beauty & Personal Care,Makeup,Foundation,Budget Foundation
Beauty & Personal Care,Makeup,Foundation,Professional Foundation
Beauty & Personal Care,Makeup,Foundation,Advanced Foundation
Beauty & Personal Care,Makeup,Foundation,Beginner Foundation
Beauty & Personal Care,Makeup,Foundation,Portable Foundation
Beauty & Personal Care,Makeup,Foundation,Wireless Foundation
Beauty & Personal Care,Makeup,Foundation,Smart Foundation
Beauty & Personal Care,Makeup,Foundation,Eco Friendly Foundation
Beauty & Personal Care,Makeup,Foundation,Organic Foundation
Beauty & Personal Care,Makeup,Concealer,Premium Concealer
Beauty & Personal Care,Makeup,Concealer,Budget Concealer
Beauty & Personal Care,Makeup,Concealer,Professional Concealer
Beauty & Personal Care,Makeup,Concealer,Advanced Concealer
Beauty & Personal Care,Makeup,Concealer,Beginner Concealer
Beauty & Personal Care,Makeup,Concealer,Portable Concealer
Beauty & Personal Care,Makeup,Concealer,Wireless Concealer
Beauty & Personal Care,Makeup,Concealer,Smart Concealer
Beauty & Personal Care,Makeup,Concealer,Eco Friendly Concealer
Beauty & Personal Care,Makeup,Concealer,Organic Concealer
Beauty & Personal Care,Makeup,Lipstick,Premium Lipstick
Beauty & Personal Care,Makeup,Lipstick,Budget Lipstick
Beauty & Personal Care,Makeup,Lipstick,Professional Lipstick
Beauty & Personal Care,Makeup,Lipstick,Advanced Lipstick
Beauty & Personal Care,Makeup,Lipstick,Beginner Lipstick
Beauty & Personal Care,Makeup,Lipstick,Portable Lipstick
Beauty & Personal Care,Makeup,Lipstick,Wireless Lipstick
Beauty & Personal Care,Makeup,Lipstick,Smart Lipstick
Beauty & Personal Care,Makeup,Lipstick,Eco Friendly Lipstick
Beauty & Personal Care,Makeup,Lipstick,Organic Lipstick
Beauty & Personal Care,Makeup,Mascara,Premium Mascara
Beauty & Personal Care,Makeup,Mascara,Budget Mascara
Beauty & Personal Care,Makeup,Mascara,Professional Mascara
Beauty & Personal Care,Makeup,Mascara,Advanced Mascara
Beauty & Personal Care,Makeup,Mascara,Beginner Mascara
Beauty & Personal Care,Makeup,Mascara,Portable Mascara
Beauty & Personal Care,Makeup,Mascara,Wireless Mascara
Beauty & Personal Care,Makeup,Mascara,Smart Mascara
Beauty & Personal Care,Makeup,Mascara,Eco Friendly Mascara
Beauty & Personal Care,Makeup,Mascara,Organic Mascara
Beauty & Personal Care,Makeup,Eyeliner,Premium Eyeliner
Beauty & Personal Care,Makeup,Eyeliner,Budget Eyeliner
Beauty & Personal Care,Makeup,Eyeliner,Professional Eyeliner
Beauty & Personal Care,Makeup,Eyeliner,Advanced Eyeliner
Beauty & Personal Care,Makeup,Eyeliner,Beginner Eyeliner
Beauty & Personal Care,Makeup,Eyeliner,Portable Eyeliner
Beauty & Personal Care,Makeup,Eyeliner,Wireless Eyeliner
Beauty & Personal Care,Makeup,Eyeliner,Smart Eyeliner
Beauty & Personal Care,Makeup,Eyeliner,Eco Friendly Eyeliner
Beauty & Personal Care,Makeup,Eyeliner,Organic Eyeliner
Beauty & Personal Care,Makeup,Blush,Premium Blush
Beauty & Personal Care,Makeup,Blush,Budget Blush
Beauty & Personal Care,Makeup,Blush,Professional Blush
Beauty & Personal Care,Makeup,Blush,Advanced Blush
Beauty & Personal Care,Makeup,Blush,Beginner Blush
Beauty & Personal Care,Makeup,Blush,Portable Blush
Beauty & Personal Care,Makeup,Blush,Wireless Blush
Beauty & Personal Care,Makeup,Blush,Smart Blush
Beauty & Personal Care,Makeup,Blush,Eco Friendly Blush
Beauty & Personal Care,Makeup,Blush,Organic Blush
Beauty & Personal Care,Body Care,Body Wash,Premium Body Wash
Beauty & Personal Care,Body Care,Body Wash,Budget Body Wash
Beauty & Personal Care,Body Care,Body Wash,Professional Body Wash
Beauty & Personal Care,Body Care,Body Wash,Advanced Body Wash
Beauty & Personal Care,Body Care,Body Wash,Beginner Body Wash
Beauty & Personal Care,Body Care,Body Wash,Portable Body Wash
Beauty & Personal Care,Body Care,Body Wash,Wireless Body Wash
Beauty & Personal Care,Body Care,Body Wash,Smart Body Wash
Beauty & Personal Care,Body Care,Body Wash,Eco Friendly Body Wash
Beauty & Personal Care,Body Care,Body Wash,Organic Body Wash
Beauty & Personal Care,Body Care,Body Lotion,Premium Body Lotion
Beauty & Personal Care,Body Care,Body Lotion,Budget Body Lotion
Beauty & Personal Care,Body Care,Body Lotion,Professional Body Lotion
Beauty & Personal Care,Body Care,Body Lotion,Advanced Body Lotion
Beauty & Personal Care,Body Care,Body Lotion,Beginner Body Lotion
Beauty & Personal Care,Body Care,Body Lotion,Portable Body Lotion
Beauty & Personal Care,Body Care,Body Lotion,Wireless Body Lotion
Beauty & Personal Care,Body Care,Body Lotion,Smart Body Lotion
Beauty & Personal Care,Body Care,Body Lotion,Eco Friendly Body Lotion
Beauty & Personal Care,Body Care,Body Lotion,Organic Body Lotion
Beauty & Personal Care,Body Care,Body Butter,Premium Body Butter
Beauty & Personal Care,Body Care,Body Butter,Budget Body Butter
Beauty & Personal Care,Body Care,Body Butter,Professional Body Butter
Beauty & Personal Care,Body Care,Body Butter,Advanced Body Butter
Beauty & Personal Care,Body Care,Body Butter,Beginner Body Butter
Beauty & Personal Care,Body Care,Body Butter,Portable Body Butter
Beauty & Personal Care,Body Care,Body Butter,Wireless Body Butter
Beauty & Personal Care,Body Care,Body Butter,Smart Body Butter
Beauty & Personal Care,Body Care,Body Butter,Eco Friendly Body Butter
Beauty & Personal Care,Body Care,Body Butter,Organic Body Butter
Beauty & Personal Care,Body Care,Body Scrub,Premium Body Scrub
Beauty & Personal Care,Body Care,Body Scrub,Budget Body Scrub
Beauty & Personal Care,Body Care,Body Scrub,Professional Body Scrub
Beauty & Personal Care,Body Care,Body Scrub,Advanced Body Scrub
Beauty & Personal Care,Body Care,Body Scrub,Beginner Body Scrub
Beauty & Personal Care,Body Care,Body Scrub,Portable Body Scrub
Beauty & Personal Care,Body Care,Body Scrub,Wireless Body Scrub
Beauty & Personal Care,Body Care,Body Scrub,Smart Body Scrub
Beauty & Personal Care,Body Care,Body Scrub,Eco Friendly Body Scrub
Beauty & Personal Care,Body Care,Body Scrub,Organic Body Scrub
Beauty & Personal Care,Body Care,Shower Gel,Premium Shower Gel
Beauty & Personal Care,Body Care,Shower Gel,Budget Shower Gel
Beauty & Personal Care,Body Care,Shower Gel,Professional Shower Gel
Beauty & Personal Care,Body Care,Shower Gel,Advanced Shower Gel
Beauty & Personal Care,Body Care,Shower Gel,Beginner Shower Gel
Beauty & Personal Care,Body Care,Shower Gel,Portable Shower Gel
Beauty & Personal Care,Body Care,Shower Gel,Wireless Shower Gel
Beauty & Personal Care,Body Care,Shower Gel,Smart Shower Gel
Beauty & Personal Care,Body Care,Shower Gel,Eco Friendly Shower Gel
Beauty & Personal Care,Body Care,Shower Gel,Organic Shower Gel
Beauty & Personal Care,Fragrance,Perfume,Premium Perfume
Beauty & Personal Care,Fragrance,Perfume,Budget Perfume
Beauty & Personal Care,Fragrance,Perfume,Professional Perfume
Beauty & Personal Care,Fragrance,Perfume,Advanced Perfume
Beauty & Personal Care,Fragrance,Perfume,Beginner Perfume
Beauty & Personal Care,Fragrance,Perfume,Portable Perfume
Beauty & Personal Care,Fragrance,Perfume,Wireless Perfume
Beauty & Personal Care,Fragrance,Perfume,Smart Perfume
Beauty & Personal Care,Fragrance,Perfume,Eco Friendly Perfume
Beauty & Personal Care,Fragrance,Perfume,Organic Perfume
Beauty & Personal Care,Fragrance,Deodorant,Premium Deodorant
Beauty & Personal Care,Fragrance,Deodorant,Budget Deodorant
Beauty & Personal Care,Fragrance,Deodorant,Professional Deodorant
Beauty & Personal Care,Fragrance,Deodorant,Advanced Deodorant
Beauty & Personal Care,Fragrance,Deodorant,Beginner Deodorant
Beauty & Personal Care,Fragrance,Deodorant,Portable Deodorant
Beauty & Personal Care,Fragrance,Deodorant,Wireless Deodorant
Beauty & Personal Care,Fragrance,Deodorant,Smart Deodorant
Beauty & Personal Care,Fragrance,Deodorant,Eco Friendly Deodorant
Beauty & Personal Care,Fragrance,Deodorant,Organic Deodorant
Beauty & Personal Care,Fragrance,Body Mist,Premium Body Mist
Beauty & Personal Care,Fragrance,Body Mist,Budget Body Mist
Beauty & Personal Care,Fragrance,Body Mist,Professional Body Mist
Beauty & Personal Care,Fragrance,Body Mist,Advanced Body Mist
Beauty & Personal Care,Fragrance,Body Mist,Beginner Body Mist
Beauty & Personal Care,Fragrance,Body Mist,Portable Body Mist
Beauty & Personal Care,Fragrance,Body Mist,Wireless Body Mist
Beauty & Personal Care,Fragrance,Body Mist,Smart Body Mist
Beauty & Personal Care,Fragrance,Body Mist,Eco Friendly Body Mist
Beauty & Personal Care,Fragrance,Body Mist,Organic Body Mist
"Clothing, Shoes & Jewelry",Women,Dresses,Premium Dresses
"Clothing, Shoes & Jewelry",Women,Dresses,Budget Dresses
"Clothing, Shoes & Jewelry",Women,Dresses,Professional Dresses
"Clothing, Shoes & Jewelry",Women,Dresses,Advanced Dresses
"Clothing, Shoes & Jewelry",Women,Dresses,Beginner Dresses
"Clothing, Shoes & Jewelry",Women,Dresses,Portable Dresses
"Clothing, Shoes & Jewelry",Women,Dresses,Wireless Dresses
"Clothing, Shoes & Jewelry",Women,Dresses,Smart Dresses
"Clothing, Shoes & Jewelry",Women,Dresses,Eco Friendly Dresses
"Clothing, Shoes & Jewelry",Women,Dresses,Organic Dresses
"Clothing, Shoes & Jewelry",Women,Tops,Premium Tops
"Clothing, Shoes & Jewelry",Women,Tops,Budget Tops
"Clothing, Shoes & Jewelry",Women,Tops,Professional Tops
"Clothing, Shoes & Jewelry",Women,Tops,Advanced Tops
"Clothing, Shoes & Jewelry",Women,Tops,Beginner Tops
"Clothing, Shoes & Jewelry",Women,Tops,Portable Tops
"Clothing, Shoes & Jewelry",Women,Tops,Wireless Tops
"Clothing, Shoes & Jewelry",Women,Tops,Smart Tops
"Clothing, Shoes & Jewelry",Women,Tops,Eco Friendly Tops
"Clothing, Shoes & Jewelry",Women,Tops,Organic Tops
"Clothing, Shoes & Jewelry",Women,Jeans,Premium Jeans
"Clothing, Shoes & Jewelry",Women,Jeans,Budget Jeans
"Clothing, Shoes & Jewelry",Women,Jeans,Professional Jeans
"Clothing, Shoes & Jewelry",Women,Jeans,Advanced Jeans
"Clothing, Shoes & Jewelry",Women,Jeans,Beginner Jeans
"Clothing, Shoes & Jewelry",Women,Jeans,Portable Jeans
"Clothing, Shoes & Jewelry",Women,Jeans,Wireless Jeans
"Clothing, Shoes & Jewelry",Women,Jeans,Smart Jeans
"Clothing, Shoes & Jewelry",Women,Jeans,Eco Friendly Jeans
"Clothing, Shoes & Jewelry",Women,Jeans,Organic Jeans
"Clothing, Shoes & Jewelry",Women,Skirts,Premium Skirts
"Clothing, Shoes & Jewelry",Women,Skirts,Budget Skirts
"Clothing, Shoes & Jewelry",Women,Skirts,Professional Skirts
"Clothing, Shoes & Jewelry",Women,Skirts,Advanced Skirts
"Clothing, Shoes & Jewelry",Women,Skirts,Beginner Skirts
"Clothing, Shoes & Jewelry",Women,Skirts,Portable Skirts
"Clothing, Shoes & Jewelry",Women,Skirts,Wireless Skirts
"Clothing, Shoes & Jewelry",Women,Skirts,Smart Skirts
"Clothing, Shoes & Jewelry",Women,Skirts,Eco Friendly Skirts
"Clothing, Shoes & Jewelry",Women,Skirts,Organic Skirts
"Clothing, Shoes & Jewelry",Women,Heels,Premium Heels
"Clothing, Shoes & Jewelry",Women,Heels,Budget Heels
"Clothing, Shoes & Jewelry",Women,Heels,Professional Heels
"Clothing, Shoes & Jewelry",Women,Heels,Advanced Heels
"Clothing, Shoes & Jewelry",Women,Heels,Beginner Heels
"Clothing, Shoes & Jewelry",Women,Heels,Portable Heels
"Clothing, Shoes & Jewelry",Women,Heels,Wireless Heels
"Clothing, Shoes & Jewelry",Women,Heels,Smart Heels
"Clothing, Shoes & Jewelry",Women,Heels,Eco Friendly Heels
"Clothing, Shoes & Jewelry",Women,Heels,Organic Heels
"Clothing, Shoes & Jewelry",Women,Handbags,Premium Handbags
"Clothing, Shoes & Jewelry",Women,Handbags,Budget Handbags
"Clothing, Shoes & Jewelry",Women,Handbags,Professional Handbags
"Clothing, Shoes & Jewelry",Women,Handbags,Advanced Handbags
"Clothing, Shoes & Jewelry",Women,Handbags,Beginner Handbags
"Clothing, Shoes & Jewelry",Women,Handbags,Portable Handbags
"Clothing, Shoes & Jewelry",Women,Handbags,Wireless Handbags
"Clothing, Shoes & Jewelry",Women,Handbags,Smart Handbags
"Clothing, Shoes & Jewelry",Women,Handbags,Eco Friendly Handbags
"Clothing, Shoes & Jewelry",Women,Handbags,Organic Handbags
"Clothing, Shoes & Jewelry",Men,T-Shirts,Premium T-Shirts
"Clothing, Shoes & Jewelry",Men,T-Shirts,Budget T-Shirts
"Clothing, Shoes & Jewelry",Men,T-Shirts,Professional T-Shirts
"Clothing, Shoes & Jewelry",Men,T-Shirts,Advanced T-Shirts
"Clothing, Shoes & Jewelry",Men,T-Shirts,Beginner T-Shirts
"Clothing, Shoes & Jewelry",Men,T-Shirts,Portable T-Shirts
"Clothing, Shoes & Jewelry",Men,T-Shirts,Wireless T-Shirts
"Clothing, Shoes & Jewelry",Men,T-Shirts,Smart T-Shirts
"Clothing, Shoes & Jewelry",Men,T-Shirts,Eco Friendly T-Shirts
"Clothing, Shoes & Jewelry",Men,T-Shirts,Organic T-Shirts
"Clothing, Shoes & Jewelry",Men,Shirts,Premium Shirts
"Clothing, Shoes & Jewelry",Men,Shirts,Budget Shirts
"Clothing, Shoes & Jewelry",Men,Shirts,Professional Shirts
"Clothing, Shoes & Jewelry",Men,Shirts,Advanced Shirts
"Clothing, Shoes & Jewelry",Men,Shirts,Beginner Shirts
"Clothing, Shoes & Jewelry",Men,Shirts,Portable Shirts
"Clothing, Shoes & Jewelry",Men,Shirts,Wireless Shirts
"Clothing, Shoes & Jewelry",Men,Shirts,Smart Shirts
"Clothing, Shoes & Jewelry",Men,Shirts,Eco Friendly Shirts
"Clothing, Shoes & Jewelry",Men,Shirts,Organic Shirts
"Clothing, Shoes & Jewelry",Men,Jeans,Premium Jeans
"Clothing, Shoes & Jewelry",Men,Jeans,Budget Jeans
"Clothing, Shoes & Jewelry",Men,Jeans,Professional Jeans
"Clothing, Shoes & Jewelry",Men,Jeans,Advanced Jeans
"Clothing, Shoes & Jewelry",Men,Jeans,Beginner Jeans
"Clothing, Shoes & Jewelry",Men,Jeans,Portable Jeans
"Clothing, Shoes & Jewelry",Men,Jeans,Wireless Jeans
"Clothing, Shoes & Jewelry",Men,Jeans,Smart Jeans
"Clothing, Shoes & Jewelry",Men,Jeans,Eco Friendly Jeans
"Clothing, Shoes & Jewelry",Men,Jeans,Organic Jeans
"Clothing, Shoes & Jewelry",Men,Jackets,Premium Jackets
"Clothing, Shoes & Jewelry",Men,Jackets,Budget Jackets
"Clothing, Shoes & Jewelry",Men,Jackets,Professional Jackets
"Clothing, Shoes & Jewelry",Men,Jackets,Advanced Jackets
"Clothing, Shoes & Jewelry",Men,Jackets,Beginner Jackets
"Clothing, Shoes & Jewelry",Men,Jackets,Portable Jackets
"Clothing, Shoes & Jewelry",Men,Jackets,Wireless Jackets
"Clothing, Shoes & Jewelry",Men,Jackets,Smart Jackets
"Clothing, Shoes & Jewelry",Men,Jackets,Eco Friendly Jackets
"Clothing, Shoes & Jewelry",Men,Jackets,Organic Jackets
"Clothing, Shoes & Jewelry",Men,Sneakers,Premium Sneakers
"Clothing, Shoes & Jewelry",Men,Sneakers,Budget Sneakers
"Clothing, Shoes & Jewelry",Men,Sneakers,Professional Sneakers
"Clothing, Shoes & Jewelry",Men,Sneakers,Advanced Sneakers
"Clothing, Shoes & Jewelry",Men,Sneakers,Beginner Sneakers
"Clothing, Shoes & Jewelry",Men,Sneakers,Portable Sneakers
"Clothing, Shoes & Jewelry",Men,Sneakers,Wireless Sneakers
"Clothing, Shoes & Jewelry",Men,Sneakers,Smart Sneakers
"Clothing, Shoes & Jewelry",Men,Sneakers,Eco Friendly Sneakers
"Clothing, Shoes & Jewelry",Men,Sneakers,Organic Sneakers
"Clothing, Shoes & Jewelry",Men,Formal Shoes,Premium Formal Shoes
"Clothing, Shoes & Jewelry",Men,Formal Shoes,Budget Formal Shoes
"Clothing, Shoes & Jewelry",Men,Formal Shoes,Professional Formal Shoes
"Clothing, Shoes & Jewelry",Men,Formal Shoes,Advanced Formal Shoes
"Clothing, Shoes & Jewelry",Men,Formal Shoes,Beginner Formal Shoes
"Clothing, Shoes & Jewelry",Men,Formal Shoes,Portable Formal Shoes
"Clothing, Shoes & Jewelry",Men,Formal Shoes,Wireless Formal Shoes
"Clothing, Shoes & Jewelry",Men,Formal Shoes,Smart Formal Shoes
"Clothing, Shoes & Jewelry",Men,Formal Shoes,Eco Friendly Formal Shoes
"Clothing, Shoes & Jewelry",Men,Formal Shoes,Organic Formal Shoes
"Clothing, Shoes & Jewelry",Kids,Baby Clothing,Premium Baby Clothing
"Clothing, Shoes & Jewelry",Kids,Baby Clothing,Budget Baby Clothing
"Clothing, Shoes & Jewelry",Kids,Baby Clothing,Professional Baby Clothing
"Clothing, Shoes & Jewelry",Kids,Baby Clothing,Advanced Baby Clothing
"Clothing, Shoes & Jewelry",Kids,Baby Clothing,Beginner Baby Clothing
"Clothing, Shoes & Jewelry",Kids,Baby Clothing,Portable Baby Clothing
"Clothing, Shoes & Jewelry",Kids,Baby Clothing,Wireless Baby Clothing
"Clothing, Shoes & Jewelry",Kids,Baby Clothing,Smart Baby Clothing
"Clothing, Shoes & Jewelry",Kids,Baby Clothing,Eco Friendly Baby Clothing
"Clothing, Shoes & Jewelry",Kids,Baby Clothing,Organic Baby Clothing
"Clothing, Shoes & Jewelry",Kids,School Wear,Premium School Wear
"Clothing, Shoes & Jewelry",Kids,School Wear,Budget School Wear
"Clothing, Shoes & Jewelry",Kids,School Wear,Professional School Wear
"Clothing, Shoes & Jewelry",Kids,School Wear,Advanced School Wear
"Clothing, Shoes & Jewelry",Kids,School Wear,Beginner School Wear
"Clothing, Shoes & Jewelry",Kids,School Wear,Portable School Wear
"Clothing, Shoes & Jewelry",Kids,School Wear,Wireless School Wear
"Clothing, Shoes & Jewelry",Kids,School Wear,Smart School Wear
"Clothing, Shoes & Jewelry",Kids,School Wear,Eco Friendly School Wear
"Clothing, Shoes & Jewelry",Kids,School Wear,Organic School Wear
"Clothing, Shoes & Jewelry",Kids,Party Wear,Premium Party Wear
"Clothing, Shoes & Jewelry",Kids,Party Wear,Budget Party Wear
"Clothing, Shoes & Jewelry",Kids,Party Wear,Professional Party Wear
"Clothing, Shoes & Jewelry",Kids,Party Wear,Advanced Party Wear
"Clothing, Shoes & Jewelry",Kids,Party Wear,Beginner Party Wear
"Clothing, Shoes & Jewelry",Kids,Party Wear,Portable Party Wear
"Clothing, Shoes & Jewelry",Kids,Party Wear,Wireless Party Wear
"Clothing, Shoes & Jewelry",Kids,Party Wear,Smart Party Wear
"Clothing, Shoes & Jewelry",Kids,Party Wear,Eco Friendly Party Wear
"Clothing, Shoes & Jewelry",Kids,Party Wear,Organic Party Wear
"Clothing, Shoes & Jewelry",Jewelry,Necklaces,Premium Necklaces
"Clothing, Shoes & Jewelry",Jewelry,Necklaces,Budget Necklaces
"Clothing, Shoes & Jewelry",Jewelry,Necklaces,Professional Necklaces
"Clothing, Shoes & Jewelry",Jewelry,Necklaces,Advanced Necklaces
"Clothing, Shoes & Jewelry",Jewelry,Necklaces,Beginner Necklaces
"Clothing, Shoes & Jewelry",Jewelry,Necklaces,Portable Necklaces
"Clothing, Shoes & Jewelry",Jewelry,Necklaces,Wireless Necklaces
"Clothing, Shoes & Jewelry",Jewelry,Necklaces,Smart Necklaces
"Clothing, Shoes & Jewelry",Jewelry,Necklaces,Eco Friendly Necklaces
"Clothing, Shoes & Jewelry",Jewelry,Necklaces,Organic Necklaces
"Clothing, Shoes & Jewelry",Jewelry,Rings,Premium Rings
"Clothing, Shoes & Jewelry",Jewelry,Rings,Budget Rings
"Clothing, Shoes & Jewelry",Jewelry,Rings,Professional Rings
"Clothing, Shoes & Jewelry",Jewelry,Rings,Advanced Rings
"Clothing, Shoes & Jewelry",Jewelry,Rings,Beginner Rings
"Clothing, Shoes & Jewelry",Jewelry,Rings,Portable Rings
"Clothing, Shoes & Jewelry",Jewelry,Rings,Wireless Rings
"Clothing, Shoes & Jewelry",Jewelry,Rings,Smart Rings
"Clothing, Shoes & Jewelry",Jewelry,Rings,Eco Friendly Rings
"Clothing, Shoes & Jewelry",Jewelry,Rings,Organic Rings
"Clothing, Shoes & Jewelry",Jewelry,Bracelets,Premium Bracelets
"Clothing, Shoes & Jewelry",Jewelry,Bracelets,Budget Bracelets
"Clothing, Shoes & Jewelry",Jewelry,Bracelets,Professional Bracelets
"Clothing, Shoes & Jewelry",Jewelry,Bracelets,Advanced Bracelets
"Clothing, Shoes & Jewelry",Jewelry,Bracelets,Beginner Bracelets
"Clothing, Shoes & Jewelry",Jewelry,Bracelets,Portable Bracelets
"Clothing, Shoes & Jewelry",Jewelry,Bracelets,Wireless Bracelets
"Clothing, Shoes & Jewelry",Jewelry,Bracelets,Smart Bracelets
"Clothing, Shoes & Jewelry",Jewelry,Bracelets,Eco Friendly Bracelets
"Clothing, Shoes & Jewelry",Jewelry,Bracelets,Organic Bracelets
"Clothing, Shoes & Jewelry",Jewelry,Earrings,Premium Earrings
"Clothing, Shoes & Jewelry",Jewelry,Earrings,Budget Earrings
"Clothing, Shoes & Jewelry",Jewelry,Earrings,Professional Earrings
"Clothing, Shoes & Jewelry",Jewelry,Earrings,Advanced Earrings
"Clothing, Shoes & Jewelry",Jewelry,Earrings,Beginner Earrings
"Clothing, Shoes & Jewelry",Jewelry,Earrings,Portable Earrings
"Clothing, Shoes & Jewelry",Jewelry,Earrings,Wireless Earrings
"Clothing, Shoes & Jewelry",Jewelry,Earrings,Smart Earrings
"Clothing, Shoes & Jewelry",Jewelry,Earrings,Eco Friendly Earrings
"Clothing, Shoes & Jewelry",Jewelry,Earrings,Organic Earrings
"Clothing, Shoes & Jewelry",Watches,Smart Watches,Premium Smart Watches
"Clothing, Shoes & Jewelry",Watches,Smart Watches,Budget Smart Watches
"Clothing, Shoes & Jewelry",Watches,Smart Watches,Professional Smart Watches
"Clothing, Shoes & Jewelry",Watches,Smart Watches,Advanced Smart Watches
"Clothing, Shoes & Jewelry",Watches,Smart Watches,Beginner Smart Watches
"Clothing, Shoes & Jewelry",Watches,Smart Watches,Portable Smart Watches
"Clothing, Shoes & Jewelry",Watches,Smart Watches,Wireless Smart Watches
"Clothing, Shoes & Jewelry",Watches,Smart Watches,Smart Smart Watches
"Clothing, Shoes & Jewelry",Watches,Smart Watches,Eco Friendly Smart Watches
"Clothing, Shoes & Jewelry",Watches,Smart Watches,Organic Smart Watches
"Clothing, Shoes & Jewelry",Watches,Analog Watches,Premium Analog Watches
"Clothing, Shoes & Jewelry",Watches,Analog Watches,Budget Analog Watches
"Clothing, Shoes & Jewelry",Watches,Analog Watches,Professional Analog Watches
"Clothing, Shoes & Jewelry",Watches,Analog Watches,Advanced Analog Watches
"Clothing, Shoes & Jewelry",Watches,Analog Watches,Beginner Analog Watches
"Clothing, Shoes & Jewelry",Watches,Analog Watches,Portable Analog Watches
"Clothing, Shoes & Jewelry",Watches,Analog Watches,Wireless Analog Watches
"Clothing, Shoes & Jewelry",Watches,Analog Watches,Smart Analog Watches
"Clothing, Shoes & Jewelry",Watches,Analog Watches,Eco Friendly Analog Watches
"Clothing, Shoes & Jewelry",Watches,Analog Watches,Organic Analog Watches
Electronics,Mobiles & Accessories,Smartphones,Premium Smartphones
Electronics,Mobiles & Accessories,Smartphones,Budget Smartphones
Electronics,Mobiles & Accessories,Smartphones,Professional Smartphones
Electronics,Mobiles & Accessories,Smartphones,Advanced Smartphones
Electronics,Mobiles & Accessories,Smartphones,Beginner Smartphones
Electronics,Mobiles & Accessories,Smartphones,Portable Smartphones
Electronics,Mobiles & Accessories,Smartphones,Wireless Smartphones
Electronics,Mobiles & Accessories,Smartphones,Smart Smartphones
Electronics,Mobiles & Accessories,Smartphones,Eco Friendly Smartphones
Electronics,Mobiles & Accessories,Smartphones,Organic Smartphones
Electronics,Mobiles & Accessories,Phone Cases,Premium Phone Cases
Electronics,Mobiles & Accessories,Phone Cases,Budget Phone Cases
Electronics,Mobiles & Accessories,Phone Cases,Professional Phone Cases
Electronics,Mobiles & Accessories,Phone Cases,Advanced Phone Cases
Electronics,Mobiles & Accessories,Phone Cases,Beginner Phone Cases
Electronics,Mobiles & Accessories,Phone Cases,Portable Phone Cases
Electronics,Mobiles & Accessories,Phone Cases,Wireless Phone Cases
Electronics,Mobiles & Accessories,Phone Cases,Smart Phone Cases
Electronics,Mobiles & Accessories,Phone Cases,Eco Friendly Phone Cases
Electronics,Mobiles & Accessories,Phone Cases,Organic Phone Cases
Electronics,Mobiles & Accessories,Chargers,Premium Chargers
Electronics,Mobiles & Accessories,Chargers,Budget Chargers
Electronics,Mobiles & Accessories,Chargers,Professional Chargers
Electronics,Mobiles & Accessories,Chargers,Advanced Chargers
Electronics,Mobiles & Accessories,Chargers,Beginner Chargers
Electronics,Mobiles & Accessories,Chargers,Portable Chargers
Electronics,Mobiles & Accessories,Chargers,Wireless Chargers
Electronics,Mobiles & Accessories,Chargers,Smart Chargers
Electronics,Mobiles & Accessories,Chargers,Eco Friendly Chargers
Electronics,Mobiles & Accessories,Chargers,Organic Chargers
Electronics,Mobiles & Accessories,Power Banks,Premium Power Banks
Electronics,Mobiles & Accessories,Power Banks,Budget Power Banks
Electronics,Mobiles & Accessories,Power Banks,Professional Power Banks
Electronics,Mobiles & Accessories,Power Banks,Advanced Power Banks
Electronics,Mobiles & Accessories,Power Banks,Beginner Power Banks
Electronics,Mobiles & Accessories,Power Banks,Portable Power Banks
Electronics,Mobiles & Accessories,Power Banks,Wireless Power Banks
Electronics,Mobiles & Accessories,Power Banks,Smart Power Banks
Electronics,Mobiles & Accessories,Power Banks,Eco Friendly Power Banks
Electronics,Mobiles & Accessories,Power Banks,Organic Power Banks
Electronics,Computers,Laptops,Premium Laptops
Electronics,Computers,Laptops,Budget Laptops
Electronics,Computers,Laptops,Professional Laptops
Electronics,Computers,Laptops,Advanced Laptops
Electronics,Computers,Laptops,Beginner Laptops
Electronics,Computers,Laptops,Portable Laptops
Electronics,Computers,Laptops,Wireless Laptops
Electronics,Computers,Laptops,Smart Laptops
Electronics,Computers,Laptops,Eco Friendly Laptops
Electronics,Computers,Laptops,Organic Laptops
Electronics,Computers,Desktops,Premium Desktops
Electronics,Computers,Desktops,Budget Desktops
Electronics,Computers,Desktops,Professional Desktops
Electronics,Computers,Desktops,Advanced Desktops
Electronics,Computers,Desktops,Beginner Desktops
Electronics,Computers,Desktops,Portable Desktops
Electronics,Computers,Desktops,Wireless Desktops
Electronics,Computers,Desktops,Smart Desktops
Electronics,Computers,Desktops,Eco Friendly Desktops
Electronics,Computers,Desktops,Organic Desktops
Electronics,Computers,Monitors,Premium Monitors
Electronics,Computers,Monitors,Budget Monitors
Electronics,Computers,Monitors,Professional Monitors
Electronics,Computers,Monitors,Advanced Monitors
Electronics,Computers,Monitors,Beginner Monitors
Electronics,Computers,Monitors,Portable Monitors
Electronics,Computers,Monitors,Wireless Monitors
Electronics,Computers,Monitors,Smart Monitors
Electronics,Computers,Monitors,Eco Friendly Monitors
Electronics,Computers,Monitors,Organic Monitors
Electronics,Computers,Keyboards,Premium Keyboards
Electronics,Computers,Keyboards,Budget Keyboards
Electronics,Computers,Keyboards,Professional Keyboards
Electronics,Computers,Keyboards,Advanced Keyboards
Electronics,Computers,Keyboards,Beginner Keyboards
Electronics,Computers,Keyboards,Portable Keyboards
Electronics,Computers,Keyboards,Wireless Keyboards
Electronics,Computers,Keyboards,Smart Keyboards
Electronics,Computers,Keyboards,Eco Friendly Keyboards
Electronics,Computers,Keyboards,Organic Keyboards
Electronics,Computers,Mouse,Premium Mouse
Electronics,Computers,Mouse,Budget Mouse
Electronics,Computers,Mouse,Professional Mouse
Electronics,Computers,Mouse,Advanced Mouse
Electronics,Computers,Mouse,Beginner Mouse
Electronics,Computers,Mouse,Portable Mouse
Electronics,Computers,Mouse,Wireless Mouse
Electronics,Computers,Mouse,Smart Mouse
Electronics,Computers,Mouse,Eco Friendly Mouse
Electronics,Computers,Mouse,Organic Mouse
Electronics,Computers,SSD,Premium SSD
Electronics,Computers,SSD,Budget SSD
Electronics,Computers,SSD,Professional SSD
Electronics,Computers,SSD,Advanced SSD
Electronics,Computers,SSD,Beginner SSD
Electronics,Computers,SSD,Portable SSD
Electronics,Computers,SSD,Wireless SSD
Electronics,Computers,SSD,Smart SSD
Electronics,Computers,SSD,Eco Friendly SSD
Electronics,Computers,SSD,Organic SSD
Electronics,Audio,Headphones,Premium Headphones
Electronics,Audio,Headphones,Budget Headphones
Electronics,Audio,Headphones,Professional Headphones
Electronics,Audio,Headphones,Advanced Headphones
Electronics,Audio,Headphones,Beginner Headphones
Electronics,Audio,Headphones,Portable Headphones
Electronics,Audio,Headphones,Wireless Headphones
Electronics,Audio,Headphones,Smart Headphones
Electronics,Audio,Headphones,Eco Friendly Headphones
Electronics,Audio,Headphones,Organic Headphones
Electronics,Audio,Earbuds,Premium Earbuds
Electronics,Audio,Earbuds,Budget Earbuds
Electronics,Audio,Earbuds,Professional Earbuds
Electronics,Audio,Earbuds,Advanced Earbuds
Electronics,Audio,Earbuds,Beginner Earbuds
Electronics,Audio,Earbuds,Portable Earbuds
Electronics,Audio,Earbuds,Wireless Earbuds
Electronics,Audio,Earbuds,Smart Earbuds
Electronics,Audio,Earbuds,Eco Friendly Earbuds
Electronics,Audio,Earbuds,Organic Earbuds
Electronics,Audio,Speakers,Premium Speakers
Electronics,Audio,Speakers,Budget Speakers
Electronics,Audio,Speakers,Professional Speakers
Electronics,Audio,Speakers,Advanced Speakers
Electronics,Audio,Speakers,Beginner Speakers
Electronics,Audio,Speakers,Portable Speakers
Electronics,Audio,Speakers,Wireless Speakers
Electronics,Audio,Speakers,Smart Speakers
Electronics,Audio,Speakers,Eco Friendly Speakers
Electronics,Audio,Speakers,Organic Speakers
Electronics,TV & Home Theater,LED TV,Premium LED TV
Electronics,TV & Home Theater,LED TV,Budget LED TV
Electronics,TV & Home Theater,LED TV,Professional LED TV
Electronics,TV & Home Theater,LED TV,Advanced LED TV
Electronics,TV & Home Theater,LED TV,Beginner LED TV
Electronics,TV & Home Theater,LED TV,Portable LED TV
Electronics,TV & Home Theater,LED TV,Wireless LED TV
Electronics,TV & Home Theater,LED TV,Smart LED TV
Electronics,TV & Home Theater,LED TV,Eco Friendly LED TV
Electronics,TV & Home Theater,LED TV,Organic LED TV
Electronics,TV & Home Theater,Smart TV,Premium Smart TV
Electronics,TV & Home Theater,Smart TV,Budget Smart TV
Electronics,TV & Home Theater,Smart TV,Professional Smart TV
Electronics,TV & Home Theater,Smart TV,Advanced Smart TV
Electronics,TV & Home Theater,Smart TV,Beginner Smart TV
Electronics,TV & Home Theater,Smart TV,Portable Smart TV
Electronics,TV & Home Theater,Smart TV,Wireless Smart TV
Electronics,TV & Home Theater,Smart TV,Smart Smart TV
Electronics,TV & Home Theater,Smart TV,Eco Friendly Smart TV
Electronics,TV & Home Theater,Smart TV,Organic Smart TV
Electronics,TV & Home Theater,Projectors,Premium Projectors
Electronics,TV & Home Theater,Projectors,Budget Projectors
Electronics,TV & Home Theater,Projectors,Professional Projectors
Electronics,TV & Home Theater,Projectors,Advanced Projectors
Electronics,TV & Home Theater,Projectors,Beginner Projectors
Electronics,TV & Home Theater,Projectors,Portable Projectors
Electronics,TV & Home Theater,Projectors,Wireless Projectors
Electronics,TV & Home Theater,Projectors,Smart Projectors
Electronics,TV & Home Theater,Projectors,Eco Friendly Projectors
Electronics,TV & Home Theater,Projectors,Organic Projectors
Electronics,Cameras,DSLR,Premium DSLR
Electronics,Cameras,DSLR,Budget DSLR
Electronics,Cameras,DSLR,Professional DSLR
Electronics,Cameras,DSLR,Advanced DSLR
Electronics,Cameras,DSLR,Beginner DSLR
Electronics,Cameras,DSLR,Portable DSLR
Electronics,Cameras,DSLR,Wireless DSLR
Electronics,Cameras,DSLR,Smart DSLR
Electronics,Cameras,DSLR,Eco Friendly DSLR
Electronics,Cameras,DSLR,Organic DSLR
Electronics,Cameras,Action Camera,Premium Action Camera
Electronics,Cameras,Action Camera,Budget Action Camera
Electronics,Cameras,Action Camera,Professional Action Camera
Electronics,Cameras,Action Camera,Advanced Action Camera
Electronics,Cameras,Action Camera,Beginner Action Camera
Electronics,Cameras,Action Camera,Portable Action Camera
Electronics,Cameras,Action Camera,Wireless Action Camera
Electronics,Cameras,Action Camera,Smart Action Camera
Electronics,Cameras,Action Camera,Eco Friendly Action Camera
Electronics,Cameras,Action Camera,Organic Action Camera
Electronics,Cameras,Security Camera,Premium Security Camera
Electronics,Cameras,Security Camera,Budget Security Camera
Electronics,Cameras,Security Camera,Professional Security Camera
Electronics,Cameras,Security Camera,Advanced Security Camera
Electronics,Cameras,Security Camera,Beginner Security Camera
Electronics,Cameras,Security Camera,Portable Security Camera
Electronics,Cameras,Security Camera,Wireless Security Camera
Electronics,Cameras,Security Camera,Smart Security Camera
Electronics,Cameras,Security Camera,Eco Friendly Security Camera
Electronics,Cameras,Security Camera,Organic Security Camera
Home & Kitchen,Furniture,Sofas,Premium Sofas
Home & Kitchen,Furniture,Sofas,Budget Sofas
Home & Kitchen,Furniture,Sofas,Professional Sofas
Home & Kitchen,Furniture,Sofas,Advanced Sofas
Home & Kitchen,Furniture,Sofas,Beginner Sofas
Home & Kitchen,Furniture,Sofas,Portable Sofas
Home & Kitchen,Furniture,Sofas,Wireless Sofas
Home & Kitchen,Furniture,Sofas,Smart Sofas
Home & Kitchen,Furniture,Sofas,Eco Friendly Sofas
Home & Kitchen,Furniture,Sofas,Organic Sofas
Home & Kitchen,Furniture,Beds,Premium Beds
Home & Kitchen,Furniture,Beds,Budget Beds
Home & Kitchen,Furniture,Beds,Professional Beds
Home & Kitchen,Furniture,Beds,Advanced Beds
Home & Kitchen,Furniture,Beds,Beginner Beds
Home & Kitchen,Furniture,Beds,Portable Beds
Home & Kitchen,Furniture,Beds,Wireless Beds
Home & Kitchen,Furniture,Beds,Smart Beds
Home & Kitchen,Furniture,Beds,Eco Friendly Beds
Home & Kitchen,Furniture,Beds,Organic Beds
Home & Kitchen,Furniture,Wardrobes,Premium Wardrobes
Home & Kitchen,Furniture,Wardrobes,Budget Wardrobes
Home & Kitchen,Furniture,Wardrobes,Professional Wardrobes
Home & Kitchen,Furniture,Wardrobes,Advanced Wardrobes
Home & Kitchen,Furniture,Wardrobes,Beginner Wardrobes
Home & Kitchen,Furniture,Wardrobes,Portable Wardrobes
Home & Kitchen,Furniture,Wardrobes,Wireless Wardrobes
Home & Kitchen,Furniture,Wardrobes,Smart Wardrobes
Home & Kitchen,Furniture,Wardrobes,Eco Friendly Wardrobes
Home & Kitchen,Furniture,Wardrobes,Organic Wardrobes
Home & Kitchen,Furniture,Dining Tables,Premium Dining Tables
Home & Kitchen,Furniture,Dining Tables,Budget Dining Tables
Home & Kitchen,Furniture,Dining Tables,Professional Dining Tables
Home & Kitchen,Furniture,Dining Tables,Advanced Dining Tables
Home & Kitchen,Furniture,Dining Tables,Beginner Dining Tables
Home & Kitchen,Furniture,Dining Tables,Portable Dining Tables
Home & Kitchen,Furniture,Dining Tables,Wireless Dining Tables
Home & Kitchen,Furniture,Dining Tables,Smart Dining Tables
Home & Kitchen,Furniture,Dining Tables,Eco Friendly Dining Tables
Home & Kitchen,Furniture,Dining Tables,Organic Dining Tables
Home & Kitchen,Kitchen & Dining,Cookware,Premium Cookware
Home & Kitchen,Kitchen & Dining,Cookware,Budget Cookware
Home & Kitchen,Kitchen & Dining,Cookware,Professional Cookware
Home & Kitchen,Kitchen & Dining,Cookware,Advanced Cookware
Home & Kitchen,Kitchen & Dining,Cookware,Beginner Cookware
Home & Kitchen,Kitchen & Dining,Cookware,Portable Cookware
Home & Kitchen,Kitchen & Dining,Cookware,Wireless Cookware
Home & Kitchen,Kitchen & Dining,Cookware,Smart Cookware
Home & Kitchen,Kitchen & Dining,Cookware,Eco Friendly Cookware
Home & Kitchen,Kitchen & Dining,Cookware,Organic Cookware
Home & Kitchen,Kitchen & Dining,Mixer Grinder,Premium Mixer Grinder
Home & Kitchen,Kitchen & Dining,Mixer Grinder,Budget Mixer Grinder
Home & Kitchen,Kitchen & Dining,Mixer Grinder,Professional Mixer Grinder
Home & Kitchen,Kitchen & Dining,Mixer Grinder,Advanced Mixer Grinder
Home & Kitchen,Kitchen & Dining,Mixer Grinder,Beginner Mixer Grinder
Home & Kitchen,Kitchen & Dining,Mixer Grinder,Portable Mixer Grinder
Home & Kitchen,Kitchen & Dining,Mixer Grinder,Wireless Mixer Grinder
Home & Kitchen,Kitchen & Dining,Mixer Grinder,Smart Mixer Grinder
Home & Kitchen,Kitchen & Dining,Mixer Grinder,Eco Friendly Mixer Grinder
Home & Kitchen,Kitchen & Dining,Mixer Grinder,Organic Mixer Grinder
Home & Kitchen,Kitchen & Dining,Dinner Sets,Premium Dinner Sets
Home & Kitchen,Kitchen & Dining,Dinner Sets,Budget Dinner Sets
Home & Kitchen,Kitchen & Dining,Dinner Sets,Professional Dinner Sets
Home & Kitchen,Kitchen & Dining,Dinner Sets,Advanced Dinner Sets
Home & Kitchen,Kitchen & Dining,Dinner Sets,Beginner Dinner Sets
Home & Kitchen,Kitchen & Dining,Dinner Sets,Portable Dinner Sets
Home & Kitchen,Kitchen & Dining,Dinner Sets,Wireless Dinner Sets
Home & Kitchen,Kitchen & Dining,Dinner Sets,Smart Dinner Sets
Home & Kitchen,Kitchen & Dining,Dinner Sets,Eco Friendly Dinner Sets
Home & Kitchen,Kitchen & Dining,Dinner Sets,Organic Dinner Sets
Home & Kitchen,Kitchen & Dining,Storage Containers,Premium Storage Containers
Home & Kitchen,Kitchen & Dining,Storage Containers,Budget Storage Containers
Home & Kitchen,Kitchen & Dining,Storage Containers,Professional Storage Containers
Home & Kitchen,Kitchen & Dining,Storage Containers,Advanced Storage Containers
Home & Kitchen,Kitchen & Dining,Storage Containers,Beginner Storage Containers
Home & Kitchen,Kitchen & Dining,Storage Containers,Portable Storage Containers
Home & Kitchen,Kitchen & Dining,Storage Containers,Wireless Storage Containers
Home & Kitchen,Kitchen & Dining,Storage Containers,Smart Storage Containers
Home & Kitchen,Kitchen & Dining,Storage Containers,Eco Friendly Storage Containers
Home & Kitchen,Kitchen & Dining,Storage Containers,Organic Storage Containers
Home & Kitchen,Home Decor,Wall Art,Premium Wall Art
Home & Kitchen,Home Decor,Wall Art,Budget Wall Art
Home & Kitchen,Home Decor,Wall Art,Professional Wall Art
Home & Kitchen,Home Decor,Wall Art,Advanced Wall Art
Home & Kitchen,Home Decor,Wall Art,Beginner Wall Art
Home & Kitchen,Home Decor,Wall Art,Portable Wall Art
Home & Kitchen,Home Decor,Wall Art,Wireless Wall Art
Home & Kitchen,Home Decor,Wall Art,Smart Wall Art
Home & Kitchen,Home Decor,Wall Art,Eco Friendly Wall Art
Home & Kitchen,Home Decor,Wall Art,Organic Wall Art
Home & Kitchen,Home Decor,Lamps,Premium Lamps
Home & Kitchen,Home Decor,Lamps,Budget Lamps
Home & Kitchen,Home Decor,Lamps,Professional Lamps
Home & Kitchen,Home Decor,Lamps,Advanced Lamps
Home & Kitchen,Home Decor,Lamps,Beginner Lamps
Home & Kitchen,Home Decor,Lamps,Portable Lamps
Home & Kitchen,Home Decor,Lamps,Wireless Lamps
Home & Kitchen,Home Decor,Lamps,Smart Lamps
Home & Kitchen,Home Decor,Lamps,Eco Friendly Lamps
Home & Kitchen,Home Decor,Lamps,Organic Lamps
Home & Kitchen,Home Decor,Curtains,Premium Curtains
Home & Kitchen,Home Decor,Curtains,Budget Curtains
Home & Kitchen,Home Decor,Curtains,Professional Curtains
Home & Kitchen,Home Decor,Curtains,Advanced Curtains
Home & Kitchen,Home Decor,Curtains,Beginner Curtains
Home & Kitchen,Home Decor,Curtains,Portable Curtains
Home & Kitchen,Home Decor,Curtains,Wireless Curtains
Home & Kitchen,Home Decor,Curtains,Smart Curtains
Home & Kitchen,Home Decor,Curtains,Eco Friendly Curtains
Home & Kitchen,Home Decor,Curtains,Organic Curtains
Home & Kitchen,Home Decor,Rugs,Premium Rugs
Home & Kitchen,Home Decor,Rugs,Budget Rugs
Home & Kitchen,Home Decor,Rugs,Professional Rugs
Home & Kitchen,Home Decor,Rugs,Advanced Rugs
Home & Kitchen,Home Decor,Rugs,Beginner Rugs
Home & Kitchen,Home Decor,Rugs,Portable Rugs
Home & Kitchen,Home Decor,Rugs,Wireless Rugs
Home & Kitchen,Home Decor,Rugs,Smart Rugs
Home & Kitchen,Home Decor,Rugs,Eco Friendly Rugs
Home & Kitchen,Home Decor,Rugs,Organic Rugs
Home & Kitchen,Bedding,Bed Sheets,Premium Bed Sheets
Home & Kitchen,Bedding,Bed Sheets,Budget Bed Sheets
Home & Kitchen,Bedding,Bed Sheets,Professional Bed Sheets
Home & Kitchen,Bedding,Bed Sheets,Advanced Bed Sheets
Home & Kitchen,Bedding,Bed Sheets,Beginner Bed Sheets
Home & Kitchen,Bedding,Bed Sheets,Portable Bed Sheets
Home & Kitchen,Bedding,Bed Sheets,Wireless Bed Sheets
Home & Kitchen,Bedding,Bed Sheets,Smart Bed Sheets
Home & Kitchen,Bedding,Bed Sheets,Eco Friendly Bed Sheets
Home & Kitchen,Bedding,Bed Sheets,Organic Bed Sheets
Home & Kitchen,Bedding,Pillows,Premium Pillows
Home & Kitchen,Bedding,Pillows,Budget Pillows
Home & Kitchen,Bedding,Pillows,Professional Pillows
Home & Kitchen,Bedding,Pillows,Advanced Pillows
Home & Kitchen,Bedding,Pillows,Beginner Pillows
Home & Kitchen,Bedding,Pillows,Portable Pillows
Home & Kitchen,Bedding,Pillows,Wireless Pillows
Home & Kitchen,Bedding,Pillows,Smart Pillows
Home & Kitchen,Bedding,Pillows,Eco Friendly Pillows
Home & Kitchen,Bedding,Pillows,Organic Pillows
Home & Kitchen,Bedding,Blankets,Premium Blankets
Home & Kitchen,Bedding,Blankets,Budget Blankets
Home & Kitchen,Bedding,Blankets,Professional Blankets
Home & Kitchen,Bedding,Blankets,Advanced Blankets
Home & Kitchen,Bedding,Blankets,Beginner Blankets
Home & Kitchen,Bedding,Blankets,Portable Blankets
Home & Kitchen,Bedding,Blankets,Wireless Blankets
Home & Kitchen,Bedding,Blankets,Smart Blankets
Home & Kitchen,Bedding,Blankets,Eco Friendly Blankets
Home & Kitchen,Bedding,Blankets,Organic Blankets
Health & Household,Vitamins & Supplements,Multivitamins,Premium Multivitamins
Health & Household,Vitamins & Supplements,Multivitamins,Budget Multivitamins
Health & Household,Vitamins & Supplements,Multivitamins,Professional Multivitamins
Health & Household,Vitamins & Supplements,Multivitamins,Advanced Multivitamins
Health & Household,Vitamins & Supplements,Multivitamins,Beginner Multivitamins
Health & Household,Vitamins & Supplements,Multivitamins,Portable Multivitamins
Health & Household,Vitamins & Supplements,Multivitamins,Wireless Multivitamins
Health & Household,Vitamins & Supplements,Multivitamins,Smart Multivitamins
Health & Household,Vitamins & Supplements,Multivitamins,Eco Friendly Multivitamins
Health & Household,Vitamins & Supplements,Multivitamins,Organic Multivitamins
Health & Household,Vitamins & Supplements,Protein Powder,Premium Protein Powder
Health & Household,Vitamins & Supplements,Protein Powder,Budget Protein Powder
Health & Household,Vitamins & Supplements,Protein Powder,Professional Protein Powder
Health & Household,Vitamins & Supplements,Protein Powder,Advanced Protein Powder
Health & Household,Vitamins & Supplements,Protein Powder,Beginner Protein Powder
Health & Household,Vitamins & Supplements,Protein Powder,Portable Protein Powder
Health & Household,Vitamins & Supplements,Protein Powder,Wireless Protein Powder
Health & Household,Vitamins & Supplements,Protein Powder,Smart Protein Powder
Health & Household,Vitamins & Supplements,Protein Powder,Eco Friendly Protein Powder
Health & Household,Vitamins & Supplements,Protein Powder,Organic Protein Powder
Health & Household,Vitamins & Supplements,Omega 3,Premium Omega 3
Health & Household,Vitamins & Supplements,Omega 3,Budget Omega 3
Health & Household,Vitamins & Supplements,Omega 3,Professional Omega 3
Health & Household,Vitamins & Supplements,Omega 3,Advanced Omega 3
Health & Household,Vitamins & Supplements,Omega 3,Beginner Omega 3
Health & Household,Vitamins & Supplements,Omega 3,Portable Omega 3
Health & Household,Vitamins & Supplements,Omega 3,Wireless Omega 3
Health & Household,Vitamins & Supplements,Omega 3,Smart Omega 3
Health & Household,Vitamins & Supplements,Omega 3,Eco Friendly Omega 3
Health & Household,Vitamins & Supplements,Omega 3,Organic Omega 3
Health & Household,Medical Supplies,BP Monitor,Premium BP Monitor
Health & Household,Medical Supplies,BP Monitor,Budget BP Monitor
Health & Household,Medical Supplies,BP Monitor,Professional BP Monitor
Health & Household,Medical Supplies,BP Monitor,Advanced BP Monitor
Health & Household,Medical Supplies,BP Monitor,Beginner BP Monitor
Health & Household,Medical Supplies,BP Monitor,Portable BP Monitor
Health & Household,Medical Supplies,BP Monitor,Wireless BP Monitor
Health & Household,Medical Supplies,BP Monitor,Smart BP Monitor
Health & Household,Medical Supplies,BP Monitor,Eco Friendly BP Monitor
Health & Household,Medical Supplies,BP Monitor,Organic BP Monitor
Health & Household,Medical Supplies,Thermometer,Premium Thermometer
Health & Household,Medical Supplies,Thermometer,Budget Thermometer
Health & Household,Medical Supplies,Thermometer,Professional Thermometer
Health & Household,Medical Supplies,Thermometer,Advanced Thermometer
Health & Household,Medical Supplies,Thermometer,Beginner Thermometer
Health & Household,Medical Supplies,Thermometer,Portable Thermometer
Health & Household,Medical Supplies,Thermometer,Wireless Thermometer
Health & Household,Medical Supplies,Thermometer,Smart Thermometer
Health & Household,Medical Supplies,Thermometer,Eco Friendly Thermometer
Health & Household,Medical Supplies,Thermometer,Organic Thermometer
Health & Household,Medical Supplies,Glucose Meter,Premium Glucose Meter
Health & Household,Medical Supplies,Glucose Meter,Budget Glucose Meter
Health & Household,Medical Supplies,Glucose Meter,Professional Glucose Meter
Health & Household,Medical Supplies,Glucose Meter,Advanced Glucose Meter
Health & Household,Medical Supplies,Glucose Meter,Beginner Glucose Meter
Health & Household,Medical Supplies,Glucose Meter,Portable Glucose Meter
Health & Household,Medical Supplies,Glucose Meter,Wireless Glucose Meter
Health & Household,Medical Supplies,Glucose Meter,Smart Glucose Meter
Health & Household,Medical Supplies,Glucose Meter,Eco Friendly Glucose Meter
Health & Household,Medical Supplies,Glucose Meter,Organic Glucose Meter
Health & Household,Personal Care Appliances,Hair Dryer,Premium Hair Dryer
Health & Household,Personal Care Appliances,Hair Dryer,Budget Hair Dryer
Health & Household,Personal Care Appliances,Hair Dryer,Professional Hair Dryer
Health & Household,Personal Care Appliances,Hair Dryer,Advanced Hair Dryer
Health & Household,Personal Care Appliances,Hair Dryer,Beginner Hair Dryer
Health & Household,Personal Care Appliances,Hair Dryer,Portable Hair Dryer
Health & Household,Personal Care Appliances,Hair Dryer,Wireless Hair Dryer
Health & Household,Personal Care Appliances,Hair Dryer,Smart Hair Dryer
Health & Household,Personal Care Appliances,Hair Dryer,Eco Friendly Hair Dryer
Health & Household,Personal Care Appliances,Hair Dryer,Organic Hair Dryer
Health & Household,Personal Care Appliances,Trimmer,Premium Trimmer
Health & Household,Personal Care Appliances,Trimmer,Budget Trimmer
Health & Household,Personal Care Appliances,Trimmer,Professional Trimmer
Health & Household,Personal Care Appliances,Trimmer,Advanced Trimmer
Health & Household,Personal Care Appliances,Trimmer,Beginner Trimmer
Health & Household,Personal Care Appliances,Trimmer,Portable Trimmer
Health & Household,Personal Care Appliances,Trimmer,Wireless Trimmer
Health & Household,Personal Care Appliances,Trimmer,Smart Trimmer
Health & Household,Personal Care Appliances,Trimmer,Eco Friendly Trimmer
Health & Household,Personal Care Appliances,Trimmer,Organic Trimmer
Health & Household,Personal Care Appliances,Electric Toothbrush,Premium Electric Toothbrush
Health & Household,Personal Care Appliances,Electric Toothbrush,Budget Electric Toothbrush
Health & Household,Personal Care Appliances,Electric Toothbrush,Professional Electric Toothbrush
Health & Household,Personal Care Appliances,Electric Toothbrush,Advanced Electric Toothbrush
Health & Household,Personal Care Appliances,Electric Toothbrush,Beginner Electric Toothbrush
Health & Household,Personal Care Appliances,Electric Toothbrush,Portable Electric Toothbrush
Health & Household,Personal Care Appliances,Electric Toothbrush,Wireless Electric Toothbrush
Health & Household,Personal Care Appliances,Electric Toothbrush,Smart Electric Toothbrush
Health & Household,Personal Care Appliances,Electric Toothbrush,Eco Friendly Electric Toothbrush
Health & Household,Personal Care Appliances,Electric Toothbrush,Organic Electric Toothbrush
Sports & Outdoors,Exercise & Fitness,Dumbbells,Premium Dumbbells
Sports & Outdoors,Exercise & Fitness,Dumbbells,Budget Dumbbells
Sports & Outdoors,Exercise & Fitness,Dumbbells,Professional Dumbbells
Sports & Outdoors,Exercise & Fitness,Dumbbells,Advanced Dumbbells
Sports & Outdoors,Exercise & Fitness,Dumbbells,Beginner Dumbbells
Sports & Outdoors,Exercise & Fitness,Dumbbells,Portable Dumbbells
Sports & Outdoors,Exercise & Fitness,Dumbbells,Wireless Dumbbells
Sports & Outdoors,Exercise & Fitness,Dumbbells,Smart Dumbbells
Sports & Outdoors,Exercise & Fitness,Dumbbells,Eco Friendly Dumbbells
Sports & Outdoors,Exercise & Fitness,Dumbbells,Organic Dumbbells
Sports & Outdoors,Exercise & Fitness,Treadmill,Premium Treadmill
Sports & Outdoors,Exercise & Fitness,Treadmill,Budget Treadmill
Sports & Outdoors,Exercise & Fitness,Treadmill,Professional Treadmill
Sports & Outdoors,Exercise & Fitness,Treadmill,Advanced Treadmill
Sports & Outdoors,Exercise & Fitness,Treadmill,Beginner Treadmill
Sports & Outdoors,Exercise & Fitness,Treadmill,Portable Treadmill
Sports & Outdoors,Exercise & Fitness,Treadmill,Wireless Treadmill
Sports & Outdoors,Exercise & Fitness,Treadmill,Smart Treadmill
Sports & Outdoors,Exercise & Fitness,Treadmill,Eco Friendly Treadmill
Sports & Outdoors,Exercise & Fitness,Treadmill,Organic Treadmill
Sports & Outdoors,Exercise & Fitness,Yoga Mat,Premium Yoga Mat
Sports & Outdoors,Exercise & Fitness,Yoga Mat,Budget Yoga Mat
Sports & Outdoors,Exercise & Fitness,Yoga Mat,Professional Yoga Mat
Sports & Outdoors,Exercise & Fitness,Yoga Mat,Advanced Yoga Mat
Sports & Outdoors,Exercise & Fitness,Yoga Mat,Beginner Yoga Mat
Sports & Outdoors,Exercise & Fitness,Yoga Mat,Portable Yoga Mat
Sports & Outdoors,Exercise & Fitness,Yoga Mat,Wireless Yoga Mat
Sports & Outdoors,Exercise & Fitness,Yoga Mat,Smart Yoga Mat
Sports & Outdoors,Exercise & Fitness,Yoga Mat,Eco Friendly Yoga Mat
Sports & Outdoors,Exercise & Fitness,Yoga Mat,Organic Yoga Mat
Sports & Outdoors,Exercise & Fitness,Resistance Bands,Premium Resistance Bands
Sports & Outdoors,Exercise & Fitness,Resistance Bands,Budget Resistance Bands
Sports & Outdoors,Exercise & Fitness,Resistance Bands,Professional Resistance Bands
Sports & Outdoors,Exercise & Fitness,Resistance Bands,Advanced Resistance Bands
Sports & Outdoors,Exercise & Fitness,Resistance Bands,Beginner Resistance Bands
Sports & Outdoors,Exercise & Fitness,Resistance Bands,Portable Resistance Bands
Sports & Outdoors,Exercise & Fitness,Resistance Bands,Wireless Resistance Bands
Sports & Outdoors,Exercise & Fitness,Resistance Bands,Smart Resistance Bands
Sports & Outdoors,Exercise & Fitness,Resistance Bands,Eco Friendly Resistance Bands
Sports & Outdoors,Exercise & Fitness,Resistance Bands,Organic Resistance Bands
Sports & Outdoors,Outdoor Recreation,Camping Tent,Premium Camping Tent
Sports & Outdoors,Outdoor Recreation,Camping Tent,Budget Camping Tent
Sports & Outdoors,Outdoor Recreation,Camping Tent,Professional Camping Tent
Sports & Outdoors,Outdoor Recreation,Camping Tent,Advanced Camping Tent
Sports & Outdoors,Outdoor Recreation,Camping Tent,Beginner Camping Tent
Sports & Outdoors,Outdoor Recreation,Camping Tent,Portable Camping Tent
Sports & Outdoors,Outdoor Recreation,Camping Tent,Wireless Camping Tent
Sports & Outdoors,Outdoor Recreation,Camping Tent,Smart Camping Tent
Sports & Outdoors,Outdoor Recreation,Camping Tent,Eco Friendly Camping Tent
Sports & Outdoors,Outdoor Recreation,Camping Tent,Organic Camping Tent
Sports & Outdoors,Outdoor Recreation,Sleeping Bag,Premium Sleeping Bag
Sports & Outdoors,Outdoor Recreation,Sleeping Bag,Budget Sleeping Bag
Sports & Outdoors,Outdoor Recreation,Sleeping Bag,Professional Sleeping Bag
Sports & Outdoors,Outdoor Recreation,Sleeping Bag,Advanced Sleeping Bag
Sports & Outdoors,Outdoor Recreation,Sleeping Bag,Beginner Sleeping Bag
Sports & Outdoors,Outdoor Recreation,Sleeping Bag,Portable Sleeping Bag
Sports & Outdoors,Outdoor Recreation,Sleeping Bag,Wireless Sleeping Bag
Sports & Outdoors,Outdoor Recreation,Sleeping Bag,Smart Sleeping Bag
Sports & Outdoors,Outdoor Recreation,Sleeping Bag,Eco Friendly Sleeping Bag
Sports & Outdoors,Outdoor Recreation,Sleeping Bag,Organic Sleeping Bag
Sports & Outdoors,Outdoor Recreation,Backpacks,Premium Backpacks
Sports & Outdoors,Outdoor Recreation,Backpacks,Budget Backpacks
Sports & Outdoors,Outdoor Recreation,Backpacks,Professional Backpacks
Sports & Outdoors,Outdoor Recreation,Backpacks,Advanced Backpacks
Sports & Outdoors,Outdoor Recreation,Backpacks,Beginner Backpacks
Sports & Outdoors,Outdoor Recreation,Backpacks,Portable Backpacks
Sports & Outdoors,Outdoor Recreation,Backpacks,Wireless Backpacks
Sports & Outdoors,Outdoor Recreation,Backpacks,Smart Backpacks
Sports & Outdoors,Outdoor Recreation,Backpacks,Eco Friendly Backpacks
Sports & Outdoors,Outdoor Recreation,Backpacks,Organic Backpacks
Automotive,Car Accessories,Seat Covers,Premium Seat Covers
Automotive,Car Accessories,Seat Covers,Budget Seat Covers
Automotive,Car Accessories,Seat Covers,Professional Seat Covers
Automotive,Car Accessories,Seat Covers,Advanced Seat Covers
Automotive,Car Accessories,Seat Covers,Beginner Seat Covers
Automotive,Car Accessories,Seat Covers,Portable Seat Covers
Automotive,Car Accessories,Seat Covers,Wireless Seat Covers
Automotive,Car Accessories,Seat Covers,Smart Seat Covers
Automotive,Car Accessories,Seat Covers,Eco Friendly Seat Covers
Automotive,Car Accessories,Seat Covers,Organic Seat Covers
Automotive,Car Accessories,Car Covers,Premium Car Covers
Automotive,Car Accessories,Car Covers,Budget Car Covers
Automotive,Car Accessories,Car Covers,Professional Car Covers
Automotive,Car Accessories,Car Covers,Advanced Car Covers
Automotive,Car Accessories,Car Covers,Beginner Car Covers
Automotive,Car Accessories,Car Covers,Portable Car Covers
Automotive,Car Accessories,Car Covers,Wireless Car Covers
Automotive,Car Accessories,Car Covers,Smart Car Covers
Automotive,Car Accessories,Car Covers,Eco Friendly Car Covers
Automotive,Car Accessories,Car Covers,Organic Car Covers
Automotive,Car Accessories,Dash Camera,Premium Dash Camera
Automotive,Car Accessories,Dash Camera,Budget Dash Camera
Automotive,Car Accessories,Dash Camera,Professional Dash Camera
Automotive,Car Accessories,Dash Camera,Advanced Dash Camera
Automotive,Car Accessories,Dash Camera,Beginner Dash Camera
Automotive,Car Accessories,Dash Camera,Portable Dash Camera
Automotive,Car Accessories,Dash Camera,Wireless Dash Camera
Automotive,Car Accessories,Dash Camera,Smart Dash Camera
Automotive,Car Accessories,Dash Camera,Eco Friendly Dash Camera
Automotive,Car Accessories,Dash Camera,Organic Dash Camera
Automotive,Motorcycle Accessories,Helmets,Premium Helmets
Automotive,Motorcycle Accessories,Helmets,Budget Helmets
Automotive,Motorcycle Accessories,Helmets,Professional Helmets
Automotive,Motorcycle Accessories,Helmets,Advanced Helmets
Automotive,Motorcycle Accessories,Helmets,Beginner Helmets
Automotive,Motorcycle Accessories,Helmets,Portable Helmets
Automotive,Motorcycle Accessories,Helmets,Wireless Helmets
Automotive,Motorcycle Accessories,Helmets,Smart Helmets
Automotive,Motorcycle Accessories,Helmets,Eco Friendly Helmets
Automotive,Motorcycle Accessories,Helmets,Organic Helmets
Automotive,Motorcycle Accessories,Riding Gloves,Premium Riding Gloves
Automotive,Motorcycle Accessories,Riding Gloves,Budget Riding Gloves
Automotive,Motorcycle Accessories,Riding Gloves,Professional Riding Gloves
Automotive,Motorcycle Accessories,Riding Gloves,Advanced Riding Gloves
Automotive,Motorcycle Accessories,Riding Gloves,Beginner Riding Gloves
Automotive,Motorcycle Accessories,Riding Gloves,Portable Riding Gloves
Automotive,Motorcycle Accessories,Riding Gloves,Wireless Riding Gloves
Automotive,Motorcycle Accessories,Riding Gloves,Smart Riding Gloves
Automotive,Motorcycle Accessories,Riding Gloves,Eco Friendly Riding Gloves
Automotive,Motorcycle Accessories,Riding Gloves,Organic Riding Gloves
Automotive,Oils & Fluids,Engine Oil,Premium Engine Oil
Automotive,Oils & Fluids,Engine Oil,Budget Engine Oil
Automotive,Oils & Fluids,Engine Oil,Professional Engine Oil
Automotive,Oils & Fluids,Engine Oil,Advanced Engine Oil
Automotive,Oils & Fluids,Engine Oil,Beginner Engine Oil
Automotive,Oils & Fluids,Engine Oil,Portable Engine Oil
Automotive,Oils & Fluids,Engine Oil,Wireless Engine Oil
Automotive,Oils & Fluids,Engine Oil,Smart Engine Oil
Automotive,Oils & Fluids,Engine Oil,Eco Friendly Engine Oil
Automotive,Oils & Fluids,Engine Oil,Organic Engine Oil
Automotive,Oils & Fluids,Coolant,Premium Coolant
Automotive,Oils & Fluids,Coolant,Budget Coolant
Automotive,Oils & Fluids,Coolant,Professional Coolant
Automotive,Oils & Fluids,Coolant,Advanced Coolant
Automotive,Oils & Fluids,Coolant,Beginner Coolant
Automotive,Oils & Fluids,Coolant,Portable Coolant
Automotive,Oils & Fluids,Coolant,Wireless Coolant
Automotive,Oils & Fluids,Coolant,Smart Coolant
Automotive,Oils & Fluids,Coolant,Eco Friendly Coolant
Automotive,Oils & Fluids,Coolant,Organic Coolant
Toys & Games,Educational Toys,STEM Toys,Premium STEM Toys
Toys & Games,Educational Toys,STEM Toys,Budget STEM Toys
Toys & Games,Educational Toys,STEM Toys,Professional STEM Toys
Toys & Games,Educational Toys,STEM Toys,Advanced STEM Toys
Toys & Games,Educational Toys,STEM Toys,Beginner STEM Toys
Toys & Games,Educational Toys,STEM Toys,Portable STEM Toys
Toys & Games,Educational Toys,STEM Toys,Wireless STEM Toys
Toys & Games,Educational Toys,STEM Toys,Smart STEM Toys
Toys & Games,Educational Toys,STEM Toys,Eco Friendly STEM Toys
Toys & Games,Educational Toys,STEM Toys,Organic STEM Toys
Toys & Games,Educational Toys,Building Blocks,Premium Building Blocks
Toys & Games,Educational Toys,Building Blocks,Budget Building Blocks
Toys & Games,Educational Toys,Building Blocks,Professional Building Blocks
Toys & Games,Educational Toys,Building Blocks,Advanced Building Blocks
Toys & Games,Educational Toys,Building Blocks,Beginner Building Blocks
Toys & Games,Educational Toys,Building Blocks,Portable Building Blocks
Toys & Games,Educational Toys,Building Blocks,Wireless Building Blocks
Toys & Games,Educational Toys,Building Blocks,Smart Building Blocks
Toys & Games,Educational Toys,Building Blocks,Eco Friendly Building Blocks
Toys & Games,Educational Toys,Building Blocks,Organic Building Blocks
Toys & Games,Board Games,Strategy Games,Premium Strategy Games
Toys & Games,Board Games,Strategy Games,Budget Strategy Games
Toys & Games,Board Games,Strategy Games,Professional Strategy Games
Toys & Games,Board Games,Strategy Games,Advanced Strategy Games
Toys & Games,Board Games,Strategy Games,Beginner Strategy Games
Toys & Games,Board Games,Strategy Games,Portable Strategy Games
Toys & Games,Board Games,Strategy Games,Wireless Strategy Games
Toys & Games,Board Games,Strategy Games,Smart Strategy Games
Toys & Games,Board Games,Strategy Games,Eco Friendly Strategy Games
Toys & Games,Board Games,Strategy Games,Organic Strategy Games
Toys & Games,Board Games,Family Games,Premium Family Games
Toys & Games,Board Games,Family Games,Budget Family Games
Toys & Games,Board Games,Family Games,Professional Family Games
Toys & Games,Board Games,Family Games,Advanced Family Games
Toys & Games,Board Games,Family Games,Beginner Family Games
Toys & Games,Board Games,Family Games,Portable Family Games
Toys & Games,Board Games,Family Games,Wireless Family Games
Toys & Games,Board Games,Family Games,Smart Family Games
Toys & Games,Board Games,Family Games,Eco Friendly Family Games
Toys & Games,Board Games,Family Games,Organic Family Games
Toys & Games,Action Figures,Superhero Figures,Premium Superhero Figures
Toys & Games,Action Figures,Superhero Figures,Budget Superhero Figures
Toys & Games,Action Figures,Superhero Figures,Professional Superhero Figures
Toys & Games,Action Figures,Superhero Figures,Advanced Superhero Figures
Toys & Games,Action Figures,Superhero Figures,Beginner Superhero Figures
Toys & Games,Action Figures,Superhero Figures,Portable Superhero Figures
Toys & Games,Action Figures,Superhero Figures,Wireless Superhero Figures
Toys & Games,Action Figures,Superhero Figures,Smart Superhero Figures
Toys & Games,Action Figures,Superhero Figures,Eco Friendly Superhero Figures
Toys & Games,Action Figures,Superhero Figures,Organic Superhero Figures
Toys & Games,Action Figures,Anime Figures,Premium Anime Figures
Toys & Games,Action Figures,Anime Figures,Budget Anime Figures
Toys & Games,Action Figures,Anime Figures,Professional Anime Figures
Toys & Games,Action Figures,Anime Figures,Advanced Anime Figures
Toys & Games,Action Figures,Anime Figures,Beginner Anime Figures
Toys & Games,Action Figures,Anime Figures,Portable Anime Figures
Toys & Games,Action Figures,Anime Figures,Wireless Anime Figures
Toys & Games,Action Figures,Anime Figures,Smart Anime Figures
Toys & Games,Action Figures,Anime Figures,Eco Friendly Anime Figures
Toys & Games,Action Figures,Anime Figures,Organic Anime Figures
Pet Supplies,Dogs,Dog Food,Premium Dog Food
Pet Supplies,Dogs,Dog Food,Budget Dog Food
Pet Supplies,Dogs,Dog Food,Professional Dog Food
Pet Supplies,Dogs,Dog Food,Advanced Dog Food
Pet Supplies,Dogs,Dog Food,Beginner Dog Food
Pet Supplies,Dogs,Dog Food,Portable Dog Food
Pet Supplies,Dogs,Dog Food,Wireless Dog Food
Pet Supplies,Dogs,Dog Food,Smart Dog Food
Pet Supplies,Dogs,Dog Food,Eco Friendly Dog Food
Pet Supplies,Dogs,Dog Food,Organic Dog Food
Pet Supplies,Dogs,Dog Shampoo,Premium Dog Shampoo
Pet Supplies,Dogs,Dog Shampoo,Budget Dog Shampoo
Pet Supplies,Dogs,Dog Shampoo,Professional Dog Shampoo
Pet Supplies,Dogs,Dog Shampoo,Advanced Dog Shampoo
Pet Supplies,Dogs,Dog Shampoo,Beginner Dog Shampoo
Pet Supplies,Dogs,Dog Shampoo,Portable Dog Shampoo
Pet Supplies,Dogs,Dog Shampoo,Wireless Dog Shampoo
Pet Supplies,Dogs,Dog Shampoo,Smart Dog Shampoo
Pet Supplies,Dogs,Dog Shampoo,Eco Friendly Dog Shampoo
Pet Supplies,Dogs,Dog Shampoo,Organic Dog Shampoo
Pet Supplies,Dogs,Dog Toys,Premium Dog Toys
Pet Supplies,Dogs,Dog Toys,Budget Dog Toys
Pet Supplies,Dogs,Dog Toys,Professional Dog Toys
Pet Supplies,Dogs,Dog Toys,Advanced Dog Toys
Pet Supplies,Dogs,Dog Toys,Beginner Dog Toys
Pet Supplies,Dogs,Dog Toys,Portable Dog Toys
Pet Supplies,Dogs,Dog Toys,Wireless Dog Toys
Pet Supplies,Dogs,Dog Toys,Smart Dog Toys
Pet Supplies,Dogs,Dog Toys,Eco Friendly Dog Toys
Pet Supplies,Dogs,Dog Toys,Organic Dog Toys
Pet Supplies,Cats,Cat Food,Premium Cat Food
Pet Supplies,Cats,Cat Food,Budget Cat Food
Pet Supplies,Cats,Cat Food,Professional Cat Food
Pet Supplies,Cats,Cat Food,Advanced Cat Food
Pet Supplies,Cats,Cat Food,Beginner Cat Food
Pet Supplies,Cats,Cat Food,Portable Cat Food
Pet Supplies,Cats,Cat Food,Wireless Cat Food
Pet Supplies,Cats,Cat Food,Smart Cat Food
Pet Supplies,Cats,Cat Food,Eco Friendly Cat Food
Pet Supplies,Cats,Cat Food,Organic Cat Food
Pet Supplies,Cats,Cat Litter,Premium Cat Litter
Pet Supplies,Cats,Cat Litter,Budget Cat Litter
Pet Supplies,Cats,Cat Litter,Professional Cat Litter
Pet Supplies,Cats,Cat Litter,Advanced Cat Litter
Pet Supplies,Cats,Cat Litter,Beginner Cat Litter
Pet Supplies,Cats,Cat Litter,Portable Cat Litter
Pet Supplies,Cats,Cat Litter,Wireless Cat Litter
Pet Supplies,Cats,Cat Litter,Smart Cat Litter
Pet Supplies,Cats,Cat Litter,Eco Friendly Cat Litter
Pet Supplies,Cats,Cat Litter,Organic Cat Litter
Pet Supplies,Aquatic,Aquarium Supplies,Premium Aquarium Supplies
Pet Supplies,Aquatic,Aquarium Supplies,Budget Aquarium Supplies
Pet Supplies,Aquatic,Aquarium Supplies,Professional Aquarium Supplies
Pet Supplies,Aquatic,Aquarium Supplies,Advanced Aquarium Supplies
Pet Supplies,Aquatic,Aquarium Supplies,Beginner Aquarium Supplies
Pet Supplies,Aquatic,Aquarium Supplies,Portable Aquarium Supplies
Pet Supplies,Aquatic,Aquarium Supplies,Wireless Aquarium Supplies
Pet Supplies,Aquatic,Aquarium Supplies,Smart Aquarium Supplies
Pet Supplies,Aquatic,Aquarium Supplies,Eco Friendly Aquarium Supplies
Pet Supplies,Aquatic,Aquarium Supplies,Organic Aquarium Supplies
Pet Supplies,Aquatic,Fish Food,Premium Fish Food
Pet Supplies,Aquatic,Fish Food,Budget Fish Food
Pet Supplies,Aquatic,Fish Food,Professional Fish Food
Pet Supplies,Aquatic,Fish Food,Advanced Fish Food
Pet Supplies,Aquatic,Fish Food,Beginner Fish Food
Pet Supplies,Aquatic,Fish Food,Portable Fish Food
Pet Supplies,Aquatic,Fish Food,Wireless Fish Food
Pet Supplies,Aquatic,Fish Food,Smart Fish Food
Pet Supplies,Aquatic,Fish Food,Eco Friendly Fish Food
Pet Supplies,Aquatic,Fish Food,Organic Fish Food
Books,Fiction,Mystery,Premium Mystery
Books,Fiction,Mystery,Budget Mystery
Books,Fiction,Mystery,Professional Mystery
Books,Fiction,Mystery,Advanced Mystery
Books,Fiction,Mystery,Beginner Mystery
Books,Fiction,Mystery,Portable Mystery
Books,Fiction,Mystery,Wireless Mystery
Books,Fiction,Mystery,Smart Mystery
Books,Fiction,Mystery,Eco Friendly Mystery
Books,Fiction,Mystery,Organic Mystery
Books,Fiction,Romance,Premium Romance
Books,Fiction,Romance,Budget Romance
Books,Fiction,Romance,Professional Romance
Books,Fiction,Romance,Advanced Romance
Books,Fiction,Romance,Beginner Romance
Books,Fiction,Romance,Portable Romance
Books,Fiction,Romance,Wireless Romance
Books,Fiction,Romance,Smart Romance
Books,Fiction,Romance,Eco Friendly Romance
Books,Fiction,Romance,Organic Romance
Books,Fiction,Sci-Fi,Premium Sci-Fi
Books,Fiction,Sci-Fi,Budget Sci-Fi
Books,Fiction,Sci-Fi,Professional Sci-Fi
Books,Fiction,Sci-Fi,Advanced Sci-Fi
Books,Fiction,Sci-Fi,Beginner Sci-Fi
Books,Fiction,Sci-Fi,Portable Sci-Fi
Books,Fiction,Sci-Fi,Wireless Sci-Fi
Books,Fiction,Sci-Fi,Smart Sci-Fi
Books,Fiction,Sci-Fi,Eco Friendly Sci-Fi
Books,Fiction,Sci-Fi,Organic Sci-Fi
Books,Non-Fiction,Self Help,Premium Self Help
Books,Non-Fiction,Self Help,Budget Self Help
Books,Non-Fiction,Self Help,Professional Self Help
Books,Non-Fiction,Self Help,Advanced Self Help
Books,Non-Fiction,Self Help,Beginner Self Help
Books,Non-Fiction,Self Help,Portable Self Help
Books,Non-Fiction,Self Help,Wireless Self Help
Books,Non-Fiction,Self Help,Smart Self Help
Books,Non-Fiction,Self Help,Eco Friendly Self Help
Books,Non-Fiction,Self Help,Organic Self Help
Books,Non-Fiction,Business,Premium Business
Books,Non-Fiction,Business,Budget Business
Books,Non-Fiction,Business,Professional Business
Books,Non-Fiction,Business,Advanced Business
Books,Non-Fiction,Business,Beginner Business
Books,Non-Fiction,Business,Portable Business
Books,Non-Fiction,Business,Wireless Business
Books,Non-Fiction,Business,Smart Business
Books,Non-Fiction,Business,Eco Friendly Business
Books,Non-Fiction,Business,Organic Business
Books,Non-Fiction,Biography,Premium Biography
Books,Non-Fiction,Biography,Budget Biography
Books,Non-Fiction,Biography,Professional Biography
Books,Non-Fiction,Biography,Advanced Biography
Books,Non-Fiction,Biography,Beginner Biography
Books,Non-Fiction,Biography,Portable Biography
Books,Non-Fiction,Biography,Wireless Biography
Books,Non-Fiction,Biography,Smart Biography
Books,Non-Fiction,Biography,Eco Friendly Biography
Books,Non-Fiction,Biography,Organic Biography
Books,Education,Competitive Exams,Premium Competitive Exams
Books,Education,Competitive Exams,Budget Competitive Exams
Books,Education,Competitive Exams,Professional Competitive Exams
Books,Education,Competitive Exams,Advanced Competitive Exams
Books,Education,Competitive Exams,Beginner Competitive Exams
Books,Education,Competitive Exams,Portable Competitive Exams
Books,Education,Competitive Exams,Wireless Competitive Exams
Books,Education,Competitive Exams,Smart Competitive Exams
Books,Education,Competitive Exams,Eco Friendly Competitive Exams
Books,Education,Competitive Exams,Organic Competitive Exams
Books,Education,Programming,Premium Programming
Books,Education,Programming,Budget Programming
Books,Education,Programming,Professional Programming
Books,Education,Programming,Advanced Programming
Books,Education,Programming,Beginner Programming
Books,Education,Programming,Portable Programming
Books,Education,Programming,Wireless Programming
Books,Education,Programming,Smart Programming
Books,Education,Programming,Eco Friendly Programming
Books,Education,Programming,Organic Programming
Books,Education,School Textbooks,Premium School Textbooks
Books,Education,School Textbooks,Budget School Textbooks
Books,Education,School Textbooks,Professional School Textbooks
Books,Education,School Textbooks,Advanced School Textbooks
Books,Education,School Textbooks,Beginner School Textbooks
Books,Education,School Textbooks,Portable School Textbooks
Books,Education,School Textbooks,Wireless School Textbooks
Books,Education,School Textbooks,Smart School Textbooks
Books,Education,School Textbooks,Eco Friendly School Textbooks
Books,Education,School Textbooks,Organic School Textbooks
